MsgUser141,ddd000000141,241
MsgUser140,ddd000000140,240
MsgUser143,ddd000000143,243
MsgUser142,ddd000000142,242
MsgUser145,ddd000000145,245
MsgUser144,ddd000000144,244
MsgUser147,ddd000000147,247
MsgUser146,ddd000000146,246
MsgUser149,ddd000000149,249
MsgUser148,ddd000000148,248
TestMe33,bbbb00000033,76
TestMe32,bbbb00000032,75
TestMe31,bbbb00000031,74
MsgUser205,ddd000000205,305
TestMe37,bbbb00000037,80
TestMe36,bbbb00000036,79
TestMe35,bbbb00000035,78
TestMe34,bbbb00000034,77
TestMe39,bbbb00000039,82
TestMe38,bbbb00000038,81
MsgUser208,ddd000000208,308
MsgUser209,ddd000000209,309
MsgUser72,ddd000000072,172
MsgUser73,ddd000000073,173
MsgUser70,ddd000000070,170
MsgUser71,ddd000000071,171
MsgUser76,ddd000000076,176
MsgUser77,ddd000000077,177
MsgUser74,ddd000000074,174
MsgUser75,ddd000000075,175
MsgUser78,ddd000000078,178
MsgUser79,ddd000000079,179
Reciver8,aaaa00000008,48
Reciver9,aaaa00000009,49
MsgUser109,ddd000000109,209
MsgUser108,ddd000000108,208
MsgUser105,ddd000000105,205
MsgUser104,ddd000000104,204
MsgUser107,ddd000000107,207
MsgUser106,ddd000000106,206
MsgUser101,ddd000000101,201
MsgUser100,ddd000000100,200
MsgUser103,ddd000000103,203
MsgUser102,ddd000000102,202
MsgUser270,ddd000000270,370
MsgUser8,ddd000000008,108
MsgUser9,ddd000000009,109
MsgUser64,ddd000000064,164
MsgUser259,ddd000000259,359
MsgUser258,ddd000000258,358
MsgUser226,ddd000000226,326
MsgUser251,ddd000000251,351
MsgUser250,ddd000000250,350
MsgUser253,ddd000000253,353
MsgUser252,ddd000000252,352
MsgUser255,ddd000000255,355
MsgUser254,ddd000000254,354
MsgUser257,ddd000000257,357
MsgUser256,ddd000000256,356
MsgUser276,ddd000000276,376
MsgUser38,ddd000000038,138
MsgUser39,ddd000000039,139
MsgUser36,ddd000000036,136
MsgUser37,ddd000000037,137
MsgUser34,ddd000000034,134
MsgUser35,ddd000000035,135
MsgUser32,ddd000000032,132
MsgUser33,ddd000000033,133
MsgUser30,ddd000000030,130
MsgUser31,ddd000000031,131
MsgUser174,ddd000000174,274
MsgUser175,ddd000000175,275
MsgUser176,ddd000000176,276
MsgUser177,ddd000000177,277
MsgUser170,ddd000000170,270
MsgUser171,ddd000000171,271
MsgUser172,ddd000000172,272
MsgUser173,ddd000000173,273
MsgUser178,ddd000000178,278
MsgUser179,ddd000000179,279
Reciver49,aaaa00000049,44
Reciver48,aaaa00000048,43
Reciver43,aaaa00000043,38
Reciver42,aaaa00000042,37
Reciver41,aaaa00000041,36
Reciver40,aaaa00000040,35
Reciver47,aaaa00000047,42
Reciver46,aaaa00000046,41
MsgUser85,ddd000000085,185
Reciver44,aaaa00000044,39
MsgUser215,ddd000000215,315
MsgUser214,ddd000000214,314
MsgUser217,ddd000000217,317
MsgUser216,ddd000000216,316
MsgUser211,ddd000000211,311
MsgUser210,ddd000000210,310
MsgUser213,ddd000000213,313
MsgUser212,ddd000000212,312
MsgUser219,ddd000000219,319
MsgUser218,ddd000000218,318
MsgUser288,ddd000000288,388
MsgUser289,ddd000000289,389
MsgUser286,ddd000000286,386
MsgUser287,ddd000000287,387
MsgUser284,ddd000000284,384
MsgUser285,ddd000000285,385
MsgUser282,ddd000000282,382
MsgUser283,ddd000000283,383
MsgUser280,ddd000000280,380
MsgUser281,ddd000000281,381
Reciver10,aaaa00000010,2
Reciver11,aaaa00000011,3
Reciver12,aaaa00000012,4
Reciver13,aaaa00000013,5
Reciver14,aaaa00000014,6
Reciver15,aaaa00000015,7
Reciver16,aaaa00000016,8
Reciver17,aaaa00000017,9
Reciver18,aaaa00000018,10
Reciver19,aaaa00000019,11
MsgUser206,ddd000000206,306
MsgUser207,ddd000000207,307
MsgUser204,ddd000000204,304
MsgUser47,ddd000000047,147
MsgUser46,ddd000000046,146
MsgUser45,ddd000000045,145
TestMe30,bbbb00000030,73
MsgUser43,ddd000000043,143
MsgUser42,ddd000000042,142
MsgUser41,ddd000000041,141
MsgUser40,ddd000000040,140
MsgUser202,ddd000000202,302
MsgUser49,ddd000000049,149
MsgUser48,ddd000000048,148
MsgUser200,ddd000000200,300
MsgUser201,ddd000000201,301
MsgUser130,ddd000000130,230
MsgUser131,ddd000000131,231
MsgUser132,ddd000000132,232
MsgUser133,ddd000000133,233
MsgUser134,ddd000000134,234
MsgUser135,ddd000000135,235
MsgUser136,ddd000000136,236
MsgUser137,ddd000000137,237
MsgUser138,ddd000000138,238
MsgUser139,ddd000000139,239
TestMe42,bbbb00000042,86
TestMe43,bbbb00000043,87
TestMe40,bbbb00000040,84
TestMe41,bbbb00000041,85
TestMe46,bbbb00000046,90
TestMe47,bbbb00000047,91
TestMe44,bbbb00000044,88
TestMe45,bbbb00000045,89
TestMe48,bbbb00000048,92
TestMe49,bbbb00000049,93
MsgUser268,ddd000000268,368
MsgUser269,ddd000000269,369
MsgUser264,ddd000000264,364
MsgUser265,ddd000000265,365
MsgUser266,ddd000000266,366
MsgUser267,ddd000000267,367
MsgUser260,ddd000000260,360
MsgUser261,ddd000000261,361
MsgUser262,ddd000000262,362
MsgUser263,ddd000000263,363
Reciver29,aaaa00000029,22
Reciver28,aaaa00000028,21
Reciver21,aaaa00000021,14
Reciver20,aaaa00000020,13
Reciver23,aaaa00000023,16
Reciver22,aaaa00000022,15
Reciver25,aaaa00000025,18
Reciver24,aaaa00000024,17
Reciver27,aaaa00000027,20
Reciver26,aaaa00000026,19
MsgUser44,ddd000000044,144
MsgUser98,ddd000000098,198
MsgUser99,ddd000000099,199
MsgUser94,ddd000000094,194
MsgUser95,ddd000000095,195
MsgUser96,ddd000000096,196
MsgUser97,ddd000000097,197
MsgUser90,ddd000000090,190
MsgUser91,ddd000000091,191
MsgUser92,ddd000000092,192
MsgUser93,ddd000000093,193
MsgUser196,ddd000000196,296
MsgUser197,ddd000000197,297
MsgUser194,ddd000000194,294
MsgUser195,ddd000000195,295
MsgUser192,ddd000000192,292
MsgUser193,ddd000000193,293
MsgUser190,ddd000000190,290
MsgUser191,ddd000000191,291
MsgUser198,ddd000000198,298
MsgUser199,ddd000000199,299
MsgUser169,ddd000000169,269
MsgUser168,ddd000000168,268
MsgUser89,ddd000000089,189
MsgUser163,ddd000000163,263
MsgUser162,ddd000000162,262
MsgUser161,ddd000000161,261
MsgUser160,ddd000000160,260
MsgUser167,ddd000000167,267
MsgUser166,ddd000000166,266
MsgUser165,ddd000000165,265
MsgUser164,ddd000000164,264
TestMe19,bbbb00000019,60
TestMe18,bbbb00000018,59
MsgUser220,ddd000000220,320
MsgUser221,ddd000000221,321
MsgUser222,ddd000000222,322
TestMe12,bbbb00000012,53
MsgUser224,ddd000000224,324
MsgUser225,ddd000000225,325
TestMe17,bbbb00000017,58
MsgUser227,ddd000000227,327
MsgUser299,ddd000000299,399
MsgUser298,ddd000000298,398
MsgUser295,ddd000000295,395
MsgUser294,ddd000000294,394
MsgUser297,ddd000000297,397
MsgUser296,ddd000000296,396
MsgUser291,ddd000000291,391
MsgUser290,ddd000000290,390
MsgUser293,ddd000000293,393
MsgUser292,ddd000000292,392
TestMe9,bbbb00000009,98
TestMe8,bbbb00000008,97
TestMe5,bbbb00000005,94
TestMe4,bbbb00000004,83
TestMe7,bbbb00000007,96
TestMe6,bbbb00000006,95
TestMe1,bbbb00000001,50
TestMe3,bbbb00000003,72
TestMe2,bbbb00000002,61
MsgUser6,ddd000000006,106
MsgUser7,ddd000000007,107
MsgUser4,ddd000000004,104
MsgUser5,ddd000000005,105
MsgUser2,ddd000000002,102
MsgUser3,ddd000000003,103
MsgUser1,ddd000000001,101
Reciver2,aaaa00000002,12
Reciver3,aaaa00000003,23
Reciver1,aaaa00000001,1
Reciver6,aaaa00000006,46
Reciver7,aaaa00000007,47
Reciver4,aaaa00000004,34
Reciver5,aaaa00000005,45
MsgUser58,ddd000000058,158
MsgUser59,ddd000000059,159
MsgUser50,ddd000000050,150
MsgUser51,ddd000000051,151
MsgUser52,ddd000000052,152
MsgUser53,ddd000000053,153
MsgUser54,ddd000000054,154
MsgUser55,ddd000000055,155
MsgUser56,ddd000000056,156
MsgUser57,ddd000000057,157
MsgUser152,ddd000000152,252
MsgUser153,ddd000000153,253
MsgUser150,ddd000000150,250
MsgUser151,ddd000000151,251
MsgUser156,ddd000000156,256
MsgUser157,ddd000000157,257
MsgUser154,ddd000000154,254
MsgUser155,ddd000000155,255
MsgUser158,ddd000000158,258
MsgUser159,ddd000000159,259
MsgUser273,ddd000000273,373
MsgUser272,ddd000000272,372
MsgUser271,ddd000000271,371
MsgUser127,ddd000000127,227
MsgUser126,ddd000000126,226
MsgUser125,ddd000000125,225
MsgUser124,ddd000000124,224
MsgUser123,ddd000000123,223
MsgUser122,ddd000000122,222
MsgUser121,ddd000000121,221
MsgUser120,ddd000000120,220
MsgUser277,ddd000000277,377
MsgUser129,ddd000000129,229
MsgUser128,ddd000000128,228
MsgUser228,ddd000000228,328
MsgUser275,ddd000000275,375
MsgUser229,ddd000000229,329
MsgUser274,ddd000000274,374
MsgUser278,ddd000000278,378
TestMe11,bbbb00000011,52
TestMe10,bbbb00000010,51
TestMe13,bbbb00000013,54
MsgUser223,ddd000000223,323
TestMe15,bbbb00000015,56
TestMe14,bbbb00000014,55
TestMe20,bbbb00000020,62
TestMe21,bbbb00000021,63
TestMe22,bbbb00000022,64
TestMe23,bbbb00000023,65
TestMe24,bbbb00000024,66
TestMe25,bbbb00000025,67
TestMe26,bbbb00000026,68
TestMe27,bbbb00000027,69
TestMe28,bbbb00000028,70
TestMe29,bbbb00000029,71
MsgUser279,ddd000000279,379
TestMe16,bbbb00000016,57
MsgUser14,ddd000000014,114
MsgUser15,ddd000000015,115
MsgUser16,ddd000000016,116
MsgUser17,ddd000000017,117
MsgUser10,ddd000000010,110
MsgUser11,ddd000000011,111
MsgUser12,ddd000000012,112
MsgUser13,ddd000000013,113
MsgUser18,ddd000000018,118
MsgUser19,ddd000000019,119
MsgUser88,ddd000000088,188
Reciver38,aaaa00000038,32
Reciver39,aaaa00000039,33
Reciver32,aaaa00000032,26
Reciver33,aaaa00000033,27
Reciver30,aaaa00000030,24
Reciver31,aaaa00000031,25
Reciver36,aaaa00000036,30
Reciver37,aaaa00000037,31
Reciver34,aaaa00000034,28
Reciver35,aaaa00000035,29
MsgUser83,ddd000000083,183
MsgUser82,ddd000000082,182
MsgUser81,ddd000000081,181
MsgUser80,ddd000000080,180
MsgUser87,ddd000000087,187
MsgUser86,ddd000000086,186
MsgUser61,ddd000000061,161
MsgUser60,ddd000000060,160
MsgUser63,ddd000000063,163
MsgUser62,ddd000000062,162
MsgUser65,ddd000000065,165
Reciver45,aaaa00000045,40
MsgUser67,ddd000000067,167
MsgUser66,ddd000000066,166
MsgUser69,ddd000000069,169
MsgUser68,ddd000000068,168
MsgUser84,ddd000000084,184
MsgUser185,ddd000000185,285
MsgUser184,ddd000000184,284
MsgUser187,ddd000000187,287
MsgUser186,ddd000000186,286
MsgUser181,ddd000000181,281
MsgUser180,ddd000000180,280
MsgUser183,ddd000000183,283
MsgUser182,ddd000000182,282
MsgUser189,ddd000000189,289
MsgUser188,ddd000000188,288
MsgUser118,ddd000000118,218
MsgUser119,ddd000000119,219
MsgUser116,ddd000000116,216
MsgUser117,ddd000000117,217
MsgUser114,ddd000000114,214
MsgUser115,ddd000000115,215
MsgUser112,ddd000000112,212
MsgUser113,ddd000000113,213
MsgUser110,ddd000000110,210
MsgUser111,ddd000000111,211
MsgUser239,ddd000000239,339
MsgUser238,ddd000000238,338
MsgUser237,ddd000000237,337
MsgUser236,ddd000000236,336
MsgUser235,ddd000000235,335
MsgUser234,ddd000000234,334
MsgUser233,ddd000000233,333
MsgUser232,ddd000000232,332
MsgUser231,ddd000000231,331
MsgUser230,ddd000000230,330
MsgUser203,ddd000000203,303
MsgUser248,ddd000000248,348
MsgUser249,ddd000000249,349
MsgUser242,ddd000000242,342
MsgUser243,ddd000000243,343
MsgUser240,ddd000000240,340
MsgUser241,ddd000000241,341
MsgUser246,ddd000000246,346
MsgUser247,ddd000000247,347
MsgUser244,ddd000000244,344
MsgUser245,ddd000000245,345
MsgUser29,ddd000000029,129
MsgUser28,ddd000000028,128
MsgUser25,ddd000000025,125
MsgUser24,ddd000000024,124
MsgUser27,ddd000000027,127
MsgUser26,ddd000000026,126
MsgUser21,ddd000000021,121
MsgUser20,ddd000000020,120
MsgUser23,ddd000000023,123
MsgUser22,ddd000000022,122
