Reciver1,aaaa00000001
Reciver2,aaaa00000002
Reciver3,aaaa00000003
Reciver4,aaaa00000004
Reciver5,aaaa00000005
Reciver6,aaaa00000006
Reciver7,aaaa00000007
Reciver8,aaaa00000008
Reciver9,aaaa00000009
Reciver10,aaaa00000010
Reciver11,aaaa00000011
Reciver12,aaaa00000012
Reciver13,aaaa00000013
Reciver14,aaaa00000014
Reciver15,aaaa00000015
Reciver16,aaaa00000016
Reciver17,aaaa00000017
Reciver18,aaaa00000018
Reciver19,aaaa00000019
Reciver20,aaaa00000020
Reciver21,aaaa00000021
Reciver22,aaaa00000022
Reciver23,aaaa00000023
Reciver24,aaaa00000024
Reciver25,aaaa00000025
Reciver26,aaaa00000026
Reciver27,aaaa00000027
Reciver28,aaaa00000028
Reciver29,aaaa00000029
Reciver30,aaaa00000030
Reciver31,aaaa00000031
Reciver32,aaaa00000032
Reciver33,aaaa00000033
Reciver34,aaaa00000034
Reciver35,aaaa00000035
Reciver36,aaaa00000036
Reciver37,aaaa00000037
Reciver38,aaaa00000038
Reciver39,aaaa00000039
Reciver40,aaaa00000040
Reciver41,aaaa00000041
Reciver42,aaaa00000042
Reciver43,aaaa00000043
Reciver44,aaaa00000044
Reciver45,aaaa00000045
Reciver46,aaaa00000046
Reciver47,aaaa00000047
Reciver48,aaaa00000048
Reciver49,aaaa00000049
TestMe1,bbbb00000001
TestMe2,bbbb00000002
TestMe3,bbbb00000003
TestMe4,bbbb00000004
TestMe5,bbbb00000005
TestMe6,bbbb00000006
TestMe7,bbbb00000007
TestMe8,bbbb00000008
TestMe9,bbbb00000009
TestMe10,bbbb00000010
TestMe11,bbbb00000011
TestMe12,bbbb00000012
TestMe13,bbbb00000013
TestMe14,bbbb00000014
TestMe15,bbbb00000015
TestMe16,bbbb00000016
TestMe17,bbbb00000017
TestMe18,bbbb00000018
TestMe19,bbbb00000019
TestMe20,bbbb00000020
TestMe21,bbbb00000021
TestMe22,bbbb00000022
TestMe23,bbbb00000023
TestMe24,bbbb00000024
TestMe25,bbbb00000025
TestMe26,bbbb00000026
TestMe27,bbbb00000027
TestMe28,bbbb00000028
TestMe29,bbbb00000029
TestMe30,bbbb00000030
TestMe31,bbbb00000031
TestMe32,bbbb00000032
TestMe33,bbbb00000033
TestMe34,bbbb00000034
TestMe35,bbbb00000035
TestMe36,bbbb00000036
TestMe37,bbbb00000037
TestMe38,bbbb00000038
TestMe39,bbbb00000039
TestMe40,bbbb00000040
TestMe41,bbbb00000041
TestMe42,bbbb00000042
TestMe43,bbbb00000043
TestMe44,bbbb00000044
TestMe45,bbbb00000045
TestMe46,bbbb00000046
TestMe47,bbbb00000047
TestMe48,bbbb00000048
TestMe49,bbbb00000049
MsgUser1,ddd000000001
MsgUser2,ddd000000002
MsgUser3,ddd000000003
MsgUser4,ddd000000004
MsgUser5,ddd000000005
MsgUser6,ddd000000006
MsgUser7,ddd000000007
MsgUser8,ddd000000008
MsgUser9,ddd000000009
MsgUser10,ddd000000010
MsgUser11,ddd000000011
MsgUser12,ddd000000012
MsgUser13,ddd000000013
MsgUser14,ddd000000014
MsgUser15,ddd000000015
MsgUser16,ddd000000016
MsgUser17,ddd000000017
MsgUser18,ddd000000018
MsgUser19,ddd000000019
MsgUser20,ddd000000020
MsgUser21,ddd000000021
MsgUser22,ddd000000022
MsgUser23,ddd000000023
MsgUser24,ddd000000024
MsgUser25,ddd000000025
MsgUser26,ddd000000026
MsgUser27,ddd000000027
MsgUser28,ddd000000028
MsgUser29,ddd000000029
MsgUser30,ddd000000030
MsgUser31,ddd000000031
MsgUser32,ddd000000032
MsgUser33,ddd000000033
MsgUser34,ddd000000034
MsgUser35,ddd000000035
MsgUser36,ddd000000036
MsgUser37,ddd000000037
MsgUser38,ddd000000038
MsgUser39,ddd000000039
MsgUser40,ddd000000040
MsgUser41,ddd000000041
MsgUser42,ddd000000042
MsgUser43,ddd000000043
MsgUser44,ddd000000044
MsgUser45,ddd000000045
MsgUser46,ddd000000046
MsgUser47,ddd000000047
MsgUser48,ddd000000048
MsgUser49,ddd000000049
MsgUser50,ddd000000050
MsgUser51,ddd000000051
MsgUser52,ddd000000052
MsgUser53,ddd000000053
MsgUser54,ddd000000054
MsgUser55,ddd000000055
MsgUser56,ddd000000056
MsgUser57,ddd000000057
MsgUser58,ddd000000058
MsgUser59,ddd000000059
MsgUser60,ddd000000060
MsgUser61,ddd000000061
MsgUser62,ddd000000062
MsgUser63,ddd000000063
MsgUser64,ddd000000064
MsgUser65,ddd000000065
MsgUser66,ddd000000066
MsgUser67,ddd000000067
MsgUser68,ddd000000068
MsgUser69,ddd000000069
MsgUser70,ddd000000070
MsgUser71,ddd000000071
MsgUser72,ddd000000072
MsgUser73,ddd000000073
MsgUser74,ddd000000074
MsgUser75,ddd000000075
MsgUser76,ddd000000076
MsgUser77,ddd000000077
MsgUser78,ddd000000078
MsgUser79,ddd000000079
MsgUser80,ddd000000080
MsgUser81,ddd000000081
MsgUser82,ddd000000082
MsgUser83,ddd000000083
MsgUser84,ddd000000084
MsgUser85,ddd000000085
MsgUser86,ddd000000086
MsgUser87,ddd000000087
MsgUser88,ddd000000088
MsgUser89,ddd000000089
MsgUser90,ddd000000090
MsgUser91,ddd000000091
MsgUser92,ddd000000092
MsgUser93,ddd000000093
MsgUser94,ddd000000094
MsgUser95,ddd000000095
MsgUser96,ddd000000096
MsgUser97,ddd000000097
MsgUser98,ddd000000098
MsgUser99,ddd000000099
MsgUser100,ddd000000100
MsgUser101,ddd000000101
MsgUser102,ddd000000102
MsgUser103,ddd000000103
MsgUser104,ddd000000104
MsgUser105,ddd000000105
MsgUser106,ddd000000106
MsgUser107,ddd000000107
MsgUser108,ddd000000108
MsgUser109,ddd000000109
MsgUser110,ddd000000110
MsgUser111,ddd000000111
MsgUser112,ddd000000112
MsgUser113,ddd000000113
MsgUser114,ddd000000114
MsgUser115,ddd000000115
MsgUser116,ddd000000116
MsgUser117,ddd000000117
MsgUser118,ddd000000118
MsgUser119,ddd000000119
MsgUser120,ddd000000120
MsgUser121,ddd000000121
MsgUser122,ddd000000122
MsgUser123,ddd000000123
MsgUser124,ddd000000124
MsgUser125,ddd000000125
MsgUser126,ddd000000126
MsgUser127,ddd000000127
MsgUser128,ddd000000128
MsgUser129,ddd000000129
MsgUser130,ddd000000130
MsgUser131,ddd000000131
MsgUser132,ddd000000132
MsgUser133,ddd000000133
MsgUser134,ddd000000134
MsgUser135,ddd000000135
MsgUser136,ddd000000136
MsgUser137,ddd000000137
MsgUser138,ddd000000138
MsgUser139,ddd000000139
MsgUser140,ddd000000140
MsgUser141,ddd000000141
MsgUser142,ddd000000142
MsgUser143,ddd000000143
MsgUser144,ddd000000144
MsgUser145,ddd000000145
MsgUser146,ddd000000146
MsgUser147,ddd000000147
MsgUser148,ddd000000148
MsgUser149,ddd000000149
MsgUser150,ddd000000150
MsgUser151,ddd000000151
MsgUser152,ddd000000152
MsgUser153,ddd000000153
MsgUser154,ddd000000154
MsgUser155,ddd000000155
MsgUser156,ddd000000156
MsgUser157,ddd000000157
MsgUser158,ddd000000158
MsgUser159,ddd000000159
MsgUser160,ddd000000160
MsgUser161,ddd000000161
MsgUser162,ddd000000162
MsgUser163,ddd000000163
MsgUser164,ddd000000164
MsgUser165,ddd000000165
MsgUser166,ddd000000166
MsgUser167,ddd000000167
MsgUser168,ddd000000168
MsgUser169,ddd000000169
MsgUser170,ddd000000170
MsgUser171,ddd000000171
MsgUser172,ddd000000172
MsgUser173,ddd000000173
MsgUser174,ddd000000174
MsgUser175,ddd000000175
MsgUser176,ddd000000176
MsgUser177,ddd000000177
MsgUser178,ddd000000178
MsgUser179,ddd000000179
MsgUser180,ddd000000180
MsgUser181,ddd000000181
MsgUser182,ddd000000182
MsgUser183,ddd000000183
MsgUser184,ddd000000184
MsgUser185,ddd000000185
MsgUser186,ddd000000186
MsgUser187,ddd000000187
MsgUser188,ddd000000188
MsgUser189,ddd000000189
MsgUser190,ddd000000190
MsgUser191,ddd000000191
MsgUser192,ddd000000192
MsgUser193,ddd000000193
MsgUser194,ddd000000194
MsgUser195,ddd000000195
MsgUser196,ddd000000196
MsgUser197,ddd000000197
MsgUser198,ddd000000198
MsgUser199,ddd000000199
MsgUser200,ddd000000200
MsgUser201,ddd000000201
MsgUser202,ddd000000202
MsgUser203,ddd000000203
MsgUser204,ddd000000204
MsgUser205,ddd000000205
MsgUser206,ddd000000206
MsgUser207,ddd000000207
MsgUser208,ddd000000208
MsgUser209,ddd000000209
MsgUser210,ddd000000210
MsgUser211,ddd000000211
MsgUser212,ddd000000212
MsgUser213,ddd000000213
MsgUser214,ddd000000214
MsgUser215,ddd000000215
MsgUser216,ddd000000216
MsgUser217,ddd000000217
MsgUser218,ddd000000218
MsgUser219,ddd000000219
MsgUser220,ddd000000220
MsgUser221,ddd000000221
MsgUser222,ddd000000222
MsgUser223,ddd000000223
MsgUser224,ddd000000224
MsgUser225,ddd000000225
MsgUser226,ddd000000226
MsgUser227,ddd000000227
MsgUser228,ddd000000228
MsgUser229,ddd000000229
MsgUser230,ddd000000230
MsgUser231,ddd000000231
MsgUser232,ddd000000232
MsgUser233,ddd000000233
MsgUser234,ddd000000234
MsgUser235,ddd000000235
MsgUser236,ddd000000236
MsgUser237,ddd000000237
MsgUser238,ddd000000238
MsgUser239,ddd000000239
MsgUser240,ddd000000240
MsgUser241,ddd000000241
MsgUser242,ddd000000242
MsgUser243,ddd000000243
MsgUser244,ddd000000244
MsgUser245,ddd000000245
MsgUser246,ddd000000246
MsgUser247,ddd000000247
MsgUser248,ddd000000248
MsgUser249,ddd000000249
MsgUser250,ddd000000250
MsgUser251,ddd000000251
MsgUser252,ddd000000252
MsgUser253,ddd000000253
MsgUser254,ddd000000254
MsgUser255,ddd000000255
MsgUser256,ddd000000256
MsgUser257,ddd000000257
MsgUser258,ddd000000258
MsgUser259,ddd000000259
MsgUser260,ddd000000260
MsgUser261,ddd000000261
MsgUser262,ddd000000262
MsgUser263,ddd000000263
MsgUser264,ddd000000264
MsgUser265,ddd000000265
MsgUser266,ddd000000266
MsgUser267,ddd000000267
MsgUser268,ddd000000268
MsgUser269,ddd000000269
MsgUser270,ddd000000270
MsgUser271,ddd000000271
MsgUser272,ddd000000272
MsgUser273,ddd000000273
MsgUser274,ddd000000274
MsgUser275,ddd000000275
MsgUser276,ddd000000276
MsgUser277,ddd000000277
MsgUser278,ddd000000278
MsgUser279,ddd000000279
MsgUser280,ddd000000280
MsgUser281,ddd000000281
MsgUser282,ddd000000282
MsgUser283,ddd000000283
MsgUser284,ddd000000284
MsgUser285,ddd000000285
MsgUser286,ddd000000286
MsgUser287,ddd000000287
MsgUser288,ddd000000288
MsgUser289,ddd000000289
MsgUser290,ddd000000290
MsgUser291,ddd000000291
MsgUser292,ddd000000292
MsgUser293,ddd000000293
MsgUser294,ddd000000294
MsgUser295,ddd000000295
MsgUser296,ddd000000296
MsgUser297,ddd000000297
MsgUser298,ddd000000298
MsgUser299,ddd000000299
